Crystal_structure,temperature,N_type_carrier,Crystal_form,Direction
Bi1.999W0.001Te2.494Cl0.006Se0.5,300,153.98,1,0
Bi1.998W0.002Te2.488Cl0.012Se0.5,300,153.12,1,0
Bi1.997W0.003Te2.482Cl0.018Se0.5,300,152.66,1,0
Bi1.996W0.004Te2.476Cl0.024Se0.5,300,148.18,1,0
Bi1.995W0.005Te2.47Cl0.03Se0.5,300,123.6,1,0
Bi1.994W0.006Te2.464Cl0.036Se0.5,300,111.34,1,0
Bi1.993W0.007Te2.458Cl0.042Se0.5,300,107.15,1,0
Bi2Te3,25,252.45,1,0
Bi2Te3,50,214.03,1,0
Bi2Te3,75,175.57,1,0
Bi2Te3,100,137.15,1,0
Bi2Te3,125,109.29,1,0
Bi2Te3,150,85.68,1,0
Bi2Te3,175,74.93,1,0
Bi2Te3,200,66.26,1,0
Bi2Te3,225,57.53,1,0
Bi2Te3,250,50.99,1,0
Bi2Te3,275,46.53,1,0
Bi2Te3,300,39.99,1,0
Bi1.95Co0.05Te3,25,630.61,1,0
Bi1.95Co0.05Te3,50,558.19,1,0
Bi1.95Co0.05Te3,75,456.02,1,0
Bi1.95Co0.05Te3,100,351.72,1,0
Bi1.95Co0.05Te3,125,287.8,1,0
Bi1.95Co0.05Te3,150,221.73,1,0
Bi1.95Co0.05Te3,175,183.3,1,0
Bi1.95Co0.05Te3,200,161.87,1,0
Bi1.95Co0.05Te3,225,125.53,1,0
Bi1.95Co0.05Te3,250,108.38,1,0
Bi1.95Co0.05Te3,275,95.45,1,0
Bi1.95Co0.05Te3,300,61.24,1,0
Bi1.9Co0.1Te3,25,613.61,1,0
Bi1.9Co0.1Te3,50,543.33,1,0
Bi1.9Co0.1Te3,75,436.9,1,0
Bi1.9Co0.1Te3,100,343.24,1,0
Bi1.9Co0.1Te3,125,275.02,1,0
Bi1.9Co0.1Te3,150,219.6,1,0
Bi1.9Co0.1Te3,175,179.03,1,0
Bi1.9Co0.1Te3,200,149.12,1,0
Bi1.9Co0.1Te3,225,123.42,1,0
Bi1.9Co0.1Te3,250,104.1,1,0
Bi1.9Co0.1Te3,275,91.18,1,0
Bi1.9Co0.1Te3,300,76.1,1,0
Bi2Te3,300,197.43,1,1
Bi2Te3,325,155.37,1,1
Bi2Te3,350,122.52,1,1
Bi2Te3,375,103.44,1,1
Bi2Te3,400,82.06,1,1
Bi2Te3,425,70.98,1,1
Bi2Te3,450,56.55,1,1
Bi2Te3,475,49.03,1,1
Bi2Te3,500,43.75,1,1
Bi2Te3,525,40.74,1,1
Bi1.97Co0.03Te3,300,277.99,1,1
Bi1.97Co0.03Te3,325,241.69,1,1
Bi1.97Co0.03Te3,350,214.58,1,1
Bi1.97Co0.03Te3,375,192.08,1,1
Bi1.97Co0.03Te3,400,170.69,1,1
Bi1.97Co0.03Te3,425,150.57,1,1
Bi1.97Co0.03Te3,450,138.29,1,1
Bi1.97Co0.03Te3,475,121.65,1,1
Bi1.97Co0.03Te3,500,110.49,1,1
Bi1.97Co0.03Te3,525,101.74,1,1
Bi1.94Co0.06Te3,300,283.78,1,1
Bi1.94Co0.06Te3,325,248.54,1,1
Bi1.94Co0.06Te3,350,221.41,1,1
Bi1.94Co0.06Te3,375,195.48,1,1
Bi1.94Co0.06Te3,400,173,1,1
Bi1.94Co0.06Te3,425,155.1,1,1
Bi1.94Co0.06Te3,450,140.52,1,1
Bi1.94Co0.06Te3,475,124.95,1,1
Bi1.94Co0.06Te3,500,108.25,1,1
Bi1.94Co0.06Te3,525,94.85,1,1
Bi1.91Co0.09Te3,300,331,1,1
Bi1.91Co0.09Te3,325,289.95,1,1
Bi1.91Co0.09Te3,350,249.12,1,1
Bi1.91Co0.09Te3,375,212.81,1,1
Bi1.91Co0.09Te3,400,190.25,1,1
Bi1.91Co0.09Te3,425,162.02,1,1
Bi1.91Co0.09Te3,450,137.2,1,1
Bi1.91Co0.09Te3,475,108.95,1,1
Bi1.91Co0.09Te3,500,96.78,1,1
Bi1.91Co0.09Te3,525,86.78,1,1
Bi1.88Co0.12Te3,300,302.2,1,1
Bi1.88Co0.12Te3,325,265.91,1,1
Bi1.88Co0.12Te3,350,235.26,1,1
Bi1.88Co0.12Te3,375,196.7,1,1
Bi1.88Co0.12Te3,400,169.53,1,1
Bi1.88Co0.12Te3,425,143.51,1,1
Bi1.88Co0.12Te3,450,120.98,1,1
Bi1.88Co0.12Te3,475,98.56,1,1
Bi1.88Co0.12Te3,500,84.07,1,1
Bi1.88Co0.12Te3,525,70.67,1,1
Bi2Te3,300,152.64,1,2
Bi2Te3,325,130.28,1,2
Bi2Te3,350,102.34,1,2
Bi2Te3,375,77.15,1,2
Bi2Te3,400,60.35,1,2
Bi2Te3,425,47.67,1,2
Bi2Te3,450,36.42,1,2
Bi2Te3,475,29.33,1,2
Bi2Te3,500,22.23,1,2
Bi2Te3,525,17.92,1,2
Bi1.97Co0.03Te3,300,230.4,1,2
Bi1.97Co0.03Te3,325,209.41,1,2
Bi1.97Co0.03Te3,350,191.22,1,2
Bi1.97Co0.03Te3,375,170.23,1,2
Bi1.97Co0.03Te3,400,150.63,1,2
Bi1.97Co0.03Te3,425,128.25,1,2
Bi1.97Co0.03Te3,450,115.59,1,2
Bi1.97Co0.03Te3,475,101.56,1,2
Bi1.97Co0.03Te3,500,87.51,1,2
Bi1.97Co0.03Te3,525,76.26,1,2
Bi1.94Co0.06Te3,300,212.36,1,2
Bi1.94Co0.06Te3,325,188.59,1,2
Bi1.94Co0.06Te3,350,169.01,1,2
Bi1.94Co0.06Te3,375,150.77,1,2
Bi1.94Co0.06Te3,400,135.36,1,2
Bi1.94Co0.06Te3,425,119.9,1,2
Bi1.94Co0.06Te3,450,103.05,1,2
Bi1.94Co0.06Te3,475,91.82,1,2
Bi1.94Co0.06Te3,500,83.34,1,2
Bi1.94Co0.06Te3,525,70.72,1,2
Bi1.91Co0.09Te3,300,291.52,1,2
Bi1.91Co0.09Te3,325,259.44,1,2
Bi1.91Co0.09Te3,350,216.22,1,2
Bi1.91Co0.09Te3,375,175.76,1,2
Bi1.91Co0.09Te3,400,143.66,1,2
Bi1.91Co0.09Te3,425,122.65,1,2
Bi1.91Co0.09Te3,450,107.25,1,2
Bi1.91Co0.09Te3,475,89.03,1,2
Bi1.91Co0.09Te3,500,79.19,1,2
Bi1.91Co0.09Te3,525,67.93,1,2
Bi1.88Co0.12Te3,300,274.86,1,2
Bi1.88Co0.12Te3,325,228.87,1,2
Bi1.88Co0.12Te3,350,200.94,1,2
Bi1.88Co0.12Te3,375,175.78,1,2
Bi1.88Co0.12Te3,400,147.86,1,2
Bi1.88Co0.12Te3,425,121.27,1,2
Bi1.88Co0.12Te3,450,101.71,1,2
Bi1.88Co0.12Te3,475,83.51,1,2
Bi1.88Co0.12Te3,500,69.47,1,2
Bi1.88Co0.12Te3,525,59.61,1,2
Bi2Te3,300,26.56,1,0
Bi2Te2.946S0.054,300,25.14,1,0
Bi2Te2.866S0.114,300,23.78,1,0
Bi2Te2.817S0.183,300,17.4,1,0
Bi2Te2.766S0.234,300,13.18,1,0
Bi2Te2.7Se0.3Cu0.005I0.002,300,650,0,0
Bi2Te2.7Se0.3Cu0.005I0.002,325,556,0,0
Bi2Te2.7Se0.3Cu0.005I0.002,350,480,0,0
Bi2Te2.7Se0.3Cu0.005I0.002,375,420,0,0
Bi2Te2.7Se0.3Cu0.005I0.002,400,359,0,0
Bi2Te2.7Se0.3Cu0.005I0.002,425,305,0,0
Bi2Te2.7Se0.3Cu0.005I0.002,450,263,0,0
Bi2Te2.7Se0.3Cu0.005I0.002,475,221,0,0
Bi2Te2.7Se0.3Cu0.004I0.002,300,711,0,0
Bi2Te2.7Se0.3Cu0.004I0.002,325,612,0,0
Bi2Te2.7Se0.3Cu0.004I0.002,350,526,0,0
Bi2Te2.7Se0.3Cu0.004I0.002,375,455,0,0
Bi2Te2.7Se0.3Cu0.004I0.002,400,385,0,0
Bi2Te2.7Se0.3Cu0.004I0.002,425,336,0,0
Bi2Te2.7Se0.3Cu0.004I0.002,450,292,0,0
Bi2Te2.7Se0.3Cu0.004I0.002,475,250,0,0
Bi2Te2.7Se0.3Cu0.003I0.002,300,680,0,0
Bi2Te2.7Se0.3Cu0.003I0.002,325,608,0,0
Bi2Te2.7Se0.3Cu0.003I0.002,350,509,0,0
Bi2Te2.7Se0.3Cu0.003I0.002,375,436,0,0
Bi2Te2.7Se0.3Cu0.003I0.002,400,378,0,0
Bi2Te2.7Se0.3Cu0.003I0.002,425,317,0,0
Bi2Te2.7Se0.3Cu0.003I0.002,450,263,0,0
Bi2Te2.7Se0.3Cu0.003I0.002,475,216,0,0
Bi2Te2.7Se0.3Cu0.002I0.002 ,300,597,0,0
Bi2Te2.7Se0.3Cu0.002I0.002 ,325,503,0,0
Bi2Te2.7Se0.3Cu0.002I0.002 ,350,410,0,0
Bi2Te2.7Se0.3Cu0.002I0.002 ,375,316,0,0
Bi2Te2.7Se0.3Cu0.002I0.002 ,400,257,0,0
Bi2Te2.7Se0.3Cu0.002I0.002 ,425,192,0,0
Bi2Te2.7Se0.3Cu0.002I0.002 ,450,147,0,0
Bi2Te2.7Se0.3Cu0.002I0.002 ,475,122,0,0
Bi2Te3,300,225.44,1,0
Bi2Te3,326,187.58,1,0
Bi2Te3,350,170.18,1,0
Bi2Te3,375,148.68,1,0
Bi2Te3,400,130.26,1,0
Bi2Te3,422,119,1,0
Bi2Te3,450,102.63,1,0
Bi2Te3,473,92.4,1,0
Bi2Te3.02Fe0.01,300,234.65,1,0
Bi2Te3.02Fe0.01,325,202.92,1,0
Bi2Te3.02Fe0.01,348,178.36,1,0
Bi2Te3.02Fe0.01,372,160.97,1,0
Bi2Te3.02Fe0.01,395,141.52,1,0
Bi2Te3.02Fe0.01,419,125.15,1,0
Bi2Te3.02Fe0.01,442,105.7,1,0
Bi2Te3.02Fe0.01,465,100.21,1,0
Bi2Te3.02Fe0.01,473,91.37,1,0
Bi2Te3.04Fe0.02,300,233.63,1,0
Bi2Te3.04Fe0.02,325,200.88,1,0
Bi2Te3.04Fe0.02,347,175.29,1,0
Bi2Te3.04Fe0.02,369,165.36,1,0
Bi2Te3.04Fe0.02,373,157.9,1,0
Bi2Te3.04Fe0.02,392,136.4,1,0
Bi2Te3.04Fe0.02,416,129.36,1,0
Bi2Te3.04Fe0.02,423,121.05,1,0
Bi2Te3.04Fe0.02,439,119.57,1,0
Bi2Te3.04Fe0.02,447,109.8,1,0
Bi2Te3.04Fe0.02,462,101.57,1,0
Bi2Te3.04Fe0.02,473,94.44,1,0
Bi2Te3.06Fe0.03,302,229.53,1,0
Bi2Te3.06Fe0.03,326,200.88,1,0
Bi2Te3.06Fe0.03,348,175.29,1,0
Bi2Te3.06Fe0.03,372,152.78,1,0
Bi2Te3.06Fe0.03,395,136.4,1,0
Bi2Te3.06Fe0.03,419,120.02,1,0
Bi2Te3.06Fe0.03,442,104.67,1,0
Bi2Te3.06Fe0.03,465,101.87,1,0
Bi2Te3.06Fe0.03,473,92.4,1,0
Bi2Te3.08Fe0.04,303,241.81,1,0
Bi2Te3.08Fe0.04,324,205.99,1,0
Bi2Te3.08Fe0.04,344,181.43,1,0
Bi2Te3.08Fe0.04,365,168.45,1,0
Bi2Te3.08Fe0.04,375,150.73,1,0
Bi2Te3.08Fe0.04,387,143.58,1,0
Bi2Te3.08Fe0.04,397,131.29,1,0
Bi2Te3.08Fe0.04,410,125.85,1,0
Bi2Te3.08Fe0.04,423,114.91,1,0
Bi2Te3.08Fe0.04,432,109.54,1,0
Bi2Te3.08Fe0.04,448,103.66,1,0
Bi2Te3.08Fe0.04,454,95.25,1,0
Bi2Te3.08Fe0.04,473,88.3,1,0
Bi2Te3,300,420,1,0
Bi1.9Tm0.1Te3,300,300,1,0
Bi1.9Lu0.1Te3,300,360,1,0
Bi2Te2.7Se0.3,325,177,1,0
Bi2Te2.7Se0.3Si0.23C0.23,325,14,1,0
Bi2Te2.6Se0.4,325,86,1,0
Bi2Te2.6Se0.4Cu0.02,325,129,1,0
Bi2Te2.5Se0.5Cu0.02,325,115,1,0
Bi2Te2.4Se0.6Cu0.02,325,130,1,0
Bi2Te2.3Se0.7Cu0.02,325,138,1,0
Bi2Te2.2Se0.8Cu0.02,325,156,1,0
Bi2Te3,300,172.962,1,0
Bi2Te3Cu0.001,300,195.443,1,0
Bi2Te3Cu0.002,300,283.427,1,0
Bi2Te3Cu0.003,300,301.718,1,0
Bi2Te3Cu0.004,300,341.147,1,0
Bi2Te3.17Cu0.06,300,467.62,1,0
Bi2Te3.17Cu0.06,325,334.25,1,0
Bi2Te3.17Cu0.06,350,286.45,1,0
Bi2Te3.17Cu0.06,375,263.33,1,0
Bi2Te3.17Cu0.06,400,247.14,1,0
Bi2Te3.17Cu0.06,425,227.86,1,0
Bi2Te3.17Cu0.06,450,191.63,1,0
Bi2Te3.17Cu0.06,475,178.52,1,0
Bi2Te3,50,222.7,1,0
Bi2Te3,100,133.4,1,0
Bi2Te3,150,96.17,1,0
Bi2Te3,200,71.17,1,0
Bi2Te3,250,53.82,1,0
Bi2Te3,300,39.55,1,0
Bi1.95Co0.05Te3,50,565.55,1,0
Bi1.95Co0.05Te3,100,350.75,1,0
Bi1.95Co0.05Te3,150,217.05,1,0
Bi1.95Co0.05Te3,200,152.29,1,0
Bi1.95Co0.05Te3,250,105.86,1,0
Bi1.95Co0.05Te3,300,65.56,1,0
Bi1.9Co0.1Te3,50,539.53,1,0
Bi1.9Co0.1Te3,100,341.57,1,0
Bi1.9Co0.1Te3,150,220.14,1,0
Bi1.9Co0.1Te3,200,149.24,1,0
Bi1.9Co0.1Te3,250,99.75,1,0
Bi1.9Co0.1Te3,300,77.81,1,0
Cu0.00Bi2.00Te1.58 ,300,9.89E-04,1,0
Cu0.01Bi2.00Te1.68 ,300,9.12E-04,1,0
Cu0.03Bi2.00Te1.62 ,300,7.22E-04,1,0
Cu0.28Bi2.00Te1.35,300,6.23E-04,1,0
Cu0.13Bi2.00Te2.50 ,300,2.22E-03,1,0
Cu0.38Bi2.00Te3.35 ,300,2.00E-03,1,0
Cu0.41Bi2.00Te2.62 ,300,2.03E-03,1,0
